115100,QD,1988,11,01,24.8286
115100,QD,1988,11,08,15.6429
115100,QD,1988,11,15,23.4571
115100,QD,1988,11,22,18.1000
115100,QD,1988,11,29,26.8429
115100,QD,1988,12,06,34.9000
115100,QD,1988,12,13,27.5000
115100,QD,1988,12,20,39.8000
115100,QD,1988,12,27,47.1143
115100,QD,1989,01,03,43.8714
115100,QD,1989,01,10,44.2429
115100,QD,1989,01,17,29.0857
115100,QD,1989,01,24,25.3857
115100,QD,1989,01,31,17.6429
115100,QD,1989,02,07,18.0429
115100,QD,1989,02,14,24.5857
115100,QD,1989,02,21,21.3286
115100,QD,1989,02,28,18.5000
115100,QD,1989,03,07,17.6714
115100,QD,1989,03,14,17.4143
115100,QD,1989,03,21,16.4571
115100,QD,1989,03,28,14.8857
115100,QD,1989,04,04,17.7143
115100,QD,1989,04,11,11.9571
115100,QD,1989,04,18,19.8143
115100,QD,1989,04,25,19.4286
115100,QD,1989,05,02,31.6286
115100,QD,1989,05,09,19.2857
115100,QD,1989,05,16,18.6714
115100,QD,1989,05,23,14.5143
115100,QD,1989,05,30,12.7714
115100,QD,1989,06,06,12.3143
115100,QD,1989,06,13,18.7857
115100,QD,1989,06,20,16.4286
115100,QD,1989,06,27,13.4714
115100,QD,1989,07,04,15.2000
115100,QD,1989,07,11,18.3286
115100,QD,1989,07,18,11.7429
115100,QD,1989,07,25,16.6000
115100,QD,1989,08,01,17.1857
115100,QD,1989,08,08,18.0000
115100,QD,1989,08,15,17.7571
115100,QD,1989,08,22,19.5429
115100,QD,1989,08,29,18.1714
115100,QD,1989,09,05,23.9143
115100,QD,1989,09,12,21.5000
115100,QD,1989,09,19,21.5000
115100,QD,1989,09,26,19.8286
115100,QD,1989,10,03,23.6143
115100,QD,1989,10,10,26.7286
115100,QD,1989,10,17,25.6571
115100,QD,1989,10,24,23.5429
115100,QD,1989,10,31,30.1286
115100,QD,1989,11,07,32.0571
115100,QD,1989,11,14,19.9714
115100,QD,1989,11,21,24.2714
115100,QD,1989,11,28,23.3714
115100,QD,1989,12,05,23.7571
115100,QD,1989,12,12,30.8286
115100,QD,1989,12,19,36.9143
115100,QD,1989,12,26,29.6571
115100,QD,1990,01,02,21.3429
115100,QD,1990,01,09,19.3143
115100,QD,1990,01,16,15.1429
115100,QD,1990,01,23,18.7000
115100,QD,1990,01,30,20.8429
115100,QD,1990,02,06,19.8286
115100,QD,1990,02,13,22.0714
115100,QD,1990,02,20,19.8714
115100,QD,1990,02,27,38.4857
115100,QD,1990,03,06,28.7000
115100,QD,1990,03,13,31.7286
115100,QD,1990,03,20,27.2143
115100,QD,1990,03,27,25.7429
115100,QD,1990,04,03,24.7286
115100,QD,1990,04,10,23.0857
115100,QD,1990,04,17,19.8143
115100,QD,1990,04,24,28.5429
115100,QD,1990,05,01,23.6429
115100,QD,1990,05,08,21.0143
115100,QD,1990,05,15,18.3143
115100,QD,1990,05,22,16.7143
115100,QD,1990,05,29,18.6143
115100,QD,1990,06,05,22.7143
115100,QD,1990,06,12,25.6857
115100,QD,1990,06,19,25.8429
115100,QD,1990,06,26,25.7857
115100,QD,1990,07,03,23.7286
115100,QD,1990,07,10,25.0571
115100,QD,1990,07,17,27.2143
115100,QD,1990,07,24,17.8714
115100,QD,1990,07,31,15.2429
115100,QD,1990,08,07,16.5571
115100,QD,1990,08,14,14.3429
115100,QD,1990,08,21,11.8857
115100,QD,1990,08,28,14.0000
115100,QD,1990,09,04,12.8143
115100,QD,1990,09,11,11.7429
115100,QD,1990,09,18,12.9286
115100,QD,1990,09,25,12.7429
115100,QD,1990,10,02,14.5571
115100,QD,1990,10,09,14.4143
115100,QD,1990,10,16,13.3143
115100,QD,1990,10,23,13.3857
115100,QD,1990,10,30,12.8857
115100,QD,1990,11,06,12.6000
115100,QD,1990,11,13,12.6714
115100,QD,1990,11,20,13.7000
115100,QD,1990,11,27,14.7429
115100,QD,1990,12,04,14.8857
115100,QD,1990,12,11,15.6429
115100,QD,1990,12,18,14.5286
115100,QD,1990,12,25,15.6143
115100,QD,1991,01,01,25.1000
115100,QD,1991,01,08,21.4286
115100,QD,1991,01,15,18.9286
115100,QD,1991,01,22,18.5857
115100,QD,1991,01,29,17.2571
115100,QD,1991,02,05,15.1714
115100,QD,1991,02,12,14.1000
115100,QD,1991,02,19,14.5571
115100,QD,1991,02,26,15.1571
115100,QD,1991,03,05,13.9000
115100,QD,1991,03,12,17.8857
115100,QD,1991,03,19,16.6286
115100,QD,1991,03,26,16.1429
115100,QD,1991,04,02,16.4143
115100,QD,1991,04,09,13.3143
115100,QD,1991,04,16,15.5714
115100,QD,1991,04,23,12.9143
115100,QD,1991,04,30,16.6286
115100,QD,1991,05,07,26.7429
115100,QD,1991,05,14,23.6143
115100,QD,1991,05,21,24.7571
115100,QD,1991,05,28,19.4143
115100,QD,1991,06,04,14.0571
115100,QD,1991,06,11,13.6857
115100,QD,1991,06,18,17.0429
115100,QD,1991,06,25,22.8429
115100,QD,1991,07,02,14.0571
115100,QD,1991,07,09,15.0571
115100,QD,1991,07,16,13.6000
115100,QD,1991,07,23,15.4286
115100,QD,1991,07,30,64.7429
115100,QD,1991,08,06,36.6143
115100,QD,1991,08,13,21.7143
115100,QD,1991,08,20,19.6429
115100,QD,1991,08,27,14.7429
115100,QD,1991,09,03,12.1000
115100,QD,1991,09,10,11.6714
115100,QD,1991,09,17,11.0286
115100,QD,1991,09,24,11.6000
115100,QD,1991,10,01,12.1143
115100,QD,1991,10,08,11.3857
115100,QD,1991,10,15,12.8143
115100,QD,1991,10,22,12.1000
115100,QD,1991,10,29,11.8571
115100,QD,1991,11,05,11.8571
115100,QD,1991,11,12,12.5143
115100,QD,1991,11,19,14.0286
115100,QD,1991,11,26,12.0000
115100,QD,1991,12,03,11.6143
115100,QD,1991,12,10,16.8571
115100,QD,1991,12,17,25.6000
115100,QD,1991,12,24,27.3286
115100,QD,1991,12,31,19.1286
115100,QD,1992,01,07,34.4857
115100,QD,1992,01,14,26.6000
115100,QD,1992,01,21,17.4571
115100,QD,1992,01,28,16.4000
115100,QD,1992,02,04,17.9857
115100,QD,1992,02,11,16.5429
115100,QD,1992,02,18,24.5286
115100,QD,1992,02,25,17.2000
115100,QD,1992,03,03,17.9143
115100,QD,1992,03,10,28.3429
115100,QD,1992,03,17,35.1000
115100,QD,1992,03,24,47.3000
115100,QD,1992,03,31,39.5143
115100,QD,1992,04,07,37.3714
115100,QD,1992,04,14,33.1000
115100,QD,1992,04,21,20.5000
115100,QD,1992,04,28,28.2571
115100,QD,1992,05,05,25.9429
115100,QD,1992,05,12,23.7143
115100,QD,1992,05,19,15.8714
115100,QD,1992,05,26,19.0714
115100,QD,1992,06,02,28.7429
115100,QD,1992,06,09,16.2429
115100,QD,1992,06,16,18.6429
115100,QD,1992,06,23,16.4000
115100,QD,1992,06,30,14.4429
115100,QD,1992,07,07,15.7571
115100,QD,1992,07,14,15.5143
115100,QD,1992,07,21,13.4429
115100,QD,1992,07,28,10.3300
115100,QD,1992,08,04,10.2457
115100,QD,1992,08,11,12.4257
115100,QD,1992,08,18,11.6129
115100,QD,1992,08,25,11.4671
115100,QD,1992,09,01,11.4000
115100,QD,1992,09,08,9.8086
115100,QD,1992,09,15,9.6714
115100,QD,1992,09,22,9.8971
115100,QD,1992,09,29,11.2857
115100,QD,1992,10,06,14.2286
115100,QD,1992,10,13,12.9000
115100,QD,1992,10,20,14.5000
115100,QD,1992,10,27,19.5571
115100,QD,1992,11,03,16.2000
115100,QD,1992,11,10,15.9571
115100,QD,1992,11,17,19.8000
115100,QD,1992,11,24,34.2571
115100,QD,1992,12,01,32.7857
115100,QD,1992,12,08,31.9286
115100,QD,1992,12,15,29.7714
115100,QD,1992,12,22,16.2143
115100,QD,1992,12,29,14.7571
115100,QD,1993,01,05,17.9857
115100,QD,1993,01,12,17.8286
115100,QD,1993,01,19,16.6000
115100,QD,1993,01,26,18.9000
115100,QD,1993,02,02,16.3714
115100,QD,1993,02,09,16.3571
115100,QD,1993,02,16,15.4429
115100,QD,1993,02,23,15.6429
115100,QD,1993,03,02,15.2286
115100,QD,1993,03,09,18.7286
115100,QD,1993,03,16,73.1571
115100,QD,1993,03,23,37.0143
115100,QD,1993,03,30,35.9714
115100,QD,1993,04,06,28.3857
115100,QD,1993,04,13,21.1857
115100,QD,1993,04,20,18.5714
115100,QD,1993,04,27,12.6714
115100,QD,1993,05,04,12.1429
115100,QD,1993,05,11,12.2000
115100,QD,1993,05,18,11.1100
115100,QD,1993,05,25,12.1571
115100,QD,1993,06,01,12.2857
115100,QD,1993,06,08,19.1143
115100,QD,1993,06,15,15.2571
115100,QD,1993,06,22,11.4386
115100,QD,1993,06,29,10.4929
115100,QD,1993,07,06,11.2300
115100,QD,1993,07,13,12.3286
115100,QD,1993,07,20,22.4000
115100,QD,1993,07,27,15.5143
115100,QD,1993,08,03,12.8429
115100,QD,1993,08,10,9.9157
115100,QD,1993,08,17,10.5800
115100,QD,1993,08,24,14.5429
115100,QD,1993,08,31,15.4429
115100,QD,1993,09,07,16.7571
115100,QD,1993,09,14,13.1429
115100,QD,1993,09,21,18.4000
115100,QD,1993,09,28,20.5571
115100,QD,1993,10,05,15.3286
115100,QD,1993,10,12,18.9000
115100,QD,1993,10,19,26.0714
115100,QD,1993,10,26,26.7429
115100,QD,1993,11,02,31.2857
115100,QD,1993,11,09,24.2571
115100,QD,1993,11,16,27.3143
115100,QD,1993,11,23,21.4000
115100,QD,1993,11,30,20.0143
115100,QD,1993,12,07,22.4429
115100,QD,1993,12,14,30.7143
115100,QD,1993,12,21,114.8286
115100,QD,1993,12,28,55.0000
115100,QD,1994,01,04,83.2571
115100,QD,1994,01,11,56.3000
115100,QD,1994,01,18,25.5143
115100,QD,1994,01,25,35.2714
115100,QD,1994,02,01,46.6143
115100,QD,1994,02,08,45.6571
115100,QD,1994,02,15,23.4714
115100,QD,1994,02,22,22.0286
115100,QD,1994,03,01,23.4286
115100,QD,1994,03,08,25.1429
115100,QD,1994,03,15,27.2429
115100,QD,1994,03,22,50.9857
115100,QD,1994,03,29,56.2714
115100,QD,1994,04,05,25.2571
115100,QD,1994,04,12,38.5000
115100,QD,1994,04,19,54.8000
115100,QD,1994,04,26,33.8571
115100,QD,1994,05,03,26.1857
115100,QD,1994,05,10,22.9714
115100,QD,1994,05,17,25.8429
115100,QD,1994,05,24,18.7857
115100,QD,1994,05,31,19.5143
115100,QD,1994,06,07,18.2857
115100,QD,1994,06,14,17.0714
115100,QD,1994,06,21,17.3143
115100,QD,1994,06,28,13.6286
115100,QD,1994,07,05,14.5000
115100,QD,1994,07,12,15.8143
115100,QD,1994,07,19,22.9714
115100,QD,1994,07,26,19.8429
115100,QD,1994,08,02,13.5429
115100,QD,1994,08,09,14.6000
115100,QD,1994,08,16,12.7857
115100,QD,1994,08,23,14.4571
115100,QD,1994,08,30,10.9814
115100,QD,1994,09,06,11.7971
115100,QD,1994,09,13,11.6714
115100,QD,1994,09,20,14.2571
115100,QD,1994,09,27,16.1143
115100,QD,1994,10,04,15.6857
115100,QD,1994,10,11,17.2286
115100,QD,1994,10,18,16.1857
115100,QD,1994,10,25,14.4429
115100,QD,1994,11,01,9.6486
115100,QD,1994,11,08,9.8486
115100,QD,1994,11,15,10.5614
115100,QD,1994,11,22,9.8957
115100,QD,1994,11,29,9.9714
115100,QD,1994,12,06,11.5714
115100,QD,1994,12,13,11.4286
115100,QD,1994,12,20,14.2143
115100,QD,1994,12,27,21.4143
115100,QD,1995,01,03,17.9714
115100,QD,1995,01,10,16.1857
115100,QD,1995,01,17,15.7571
115100,QD,1995,01,24,31.6143
115100,QD,1995,01,31,45.9000
115100,QD,1995,02,07,38.6429
115100,QD,1995,02,14,42.0857
115100,QD,1995,02,21,42.0143
115100,QD,1995,02,28,37.7286
115100,QD,1995,03,07,32.1286
115100,QD,1995,03,14,32.3143
115100,QD,1995,03,21,32.7286
115100,QD,1995,03,28,62.2000
115100,QD,1995,04,04,64.7429
115100,QD,1995,04,11,73.8857
115100,QD,1995,04,18,68.9429
115100,QD,1995,04,25,54.5857
115100,QD,1995,05,02,43.2429
115100,QD,1995,05,09,42.4286
115100,QD,1995,05,16,34.3571
115100,QD,1995,05,23,22.9714
115100,QD,1995,05,30,31.6286
115100,QD,1995,06,06,54.4000
115100,QD,1995,06,13,34.6571
115100,QD,1995,06,20,24.0857
115100,QD,1995,06,27,19.2857
115100,QD,1995,07,04,16.8429
115100,QD,1995,07,11,12.0286
115100,QD,1995,07,18,10.9857
115100,QD,1995,07,25,17.1571
115100,QD,1995,08,01,12.6857
115100,QD,1995,08,08,11.3143
115100,QD,1995,08,15,12.1000
115100,QD,1995,08,22,12.5000
115100,QD,1995,08,29,35.7286
115100,QD,1995,09,05,33.1143
115100,QD,1995,09,12,40.0714
115100,QD,1995,09,19,36.4857
115100,QD,1995,09,26,27.4000
115100,QD,1995,10,03,23.9571
115100,QD,1995,10,10,17.2000
115100,QD,1995,10,17,14.5286
115100,QD,1995,10,24,14.7000
115100,QD,1995,10,31,16.3571
115100,QD,1995,11,07,21.9857
115100,QD,1995,11,14,31.3571
115100,QD,1995,11,21,33.1429
115100,QD,1995,11,28,31.7143
115100,QD,1995,12,05,23.1286
115100,QD,1995,12,12,21.7286
115100,QD,1995,12,19,34.2571
115100,QD,1995,12,26,43.1000
115100,QD,1996,01,02,26.0429
115100,QD,1996,01,09,24.0429
115100,QD,1996,01,16,21.4143
115100,QD,1996,01,23,21.3429
115100,QD,1996,01,30,22.5714
115100,QD,1996,02,06,20.1857
115100,QD,1996,02,13,20.0000
115100,QD,1996,02,20,21.1571
115100,QD,1996,02,27,19.5571
115100,QD,1996,03,05,26.2000
115100,QD,1996,03,12,26.5571
115100,QD,1996,03,19,39.5286
115100,QD,1996,03,26,41.1857
115100,QD,1996,04,02,45.6143
115100,QD,1996,04,09,61.1286
115100,QD,1996,04,16,36.4571
115100,QD,1996,04,23,34.0714
115100,QD,1996,04,30,34.0000
115100,QD,1996,05,07,40.8000
115100,QD,1996,05,14,185.1571
115100,QD,1996,05,21,89.2857
115100,QD,1996,05,28,51.3143
115100,QD,1996,06,04,47.0571
115100,QD,1996,06,11,27.5000
115100,QD,1996,06,18,22.4571
115100,QD,1996,06,25,20.7714
115100,QD,1996,07,02,18.2857
115100,QD,1996,07,09,42.1571
115100,QD,1996,07,16,18.9286
115100,QD,1996,07,23,17.4143
115100,QD,1996,07,30,17.3143
115100,QD,1996,08,06,16.2857
115100,QD,1996,08,13,18.4571
115100,QD,1996,08,20,17.5286
115100,QD,1996,08,27,16.4571
115100,QD,1996,09,03,15.3571
115100,QD,1996,09,10,18.2714
115100,QD,1996,09,17,16.7000
115100,QD,1996,09,24,16.7429
115100,QD,1996,10,01,16.5143
115100,QD,1996,10,08,19.5286
115100,QD,1996,10,15,28.2143
115100,QD,1996,10,22,61.6714
115100,QD,1996,10,29,33.3143
115100,QD,1996,11,05,34.4571
115100,QD,1996,11,12,43.4857
115100,QD,1996,11,19,41.4571
115100,QD,1996,11,26,37.4714
115100,QD,1996,12,03,37.0286
115100,QD,1996,12,10,30.1714
115100,QD,1996,12,17,24.9571
115100,QD,1996,12,24,19.2000
115100,QD,1996,12,31,18.3429
115100,QD,1997,01,07,18.4286
115100,QD,1997,01,14,18.5571
115100,QD,1997,01,21,18.6857
115100,QD,1997,01,28,18.4143
115100,QD,1997,02,04,17.8571
115100,QD,1997,02,11,30.3714
115100,QD,1997,02,18,21.8429
115100,QD,1997,02,25,28.7143
115100,QD,1997,03,04,28.2143
115100,QD,1997,03,11,30.3000
115100,QD,1997,03,18,47.5714
115100,QD,1997,03,25,39.0143
115100,QD,1997,04,01,35.6286
115100,QD,1997,04,08,33.5000
115100,QD,1997,04,15,32.2286
115100,QD,1997,04,22,29.3571
115100,QD,1997,04,29,40.8714
115100,QD,1997,05,06,31.6714
115100,QD,1997,05,13,25.9286
115100,QD,1997,05,20,19.9286
115100,QD,1997,05,27,19.2000
115100,QD,1997,06,03,11.9429
115100,QD,1997,06,10,13.0286
115100,QD,1997,06,17,13.7714
115100,QD,1997,06,24,12.3857
115100,QD,1997,07,01,16.4143
115100,QD,1997,07,08,28.6571
115100,QD,1997,07,15,73.1429
115100,QD,1997,07,22,80.0143
115100,QD,1997,07,29,43.8286
115100,QD,1997,08,05,25.9000
115100,QD,1997,08,12,15.7857
115100,QD,1997,08,19,16.4429
115100,QD,1997,08,26,15.2571
115100,QD,1997,09,02,14.5571
115100,QD,1997,09,09,13.3714
115100,QD,1997,09,16,12.5857
115100,QD,1997,09,23,12.9857
115100,QD,1997,09,30,13.3714
115100,QD,1997,10,07,13.6857
115100,QD,1997,10,14,13.9429
115100,QD,1997,10,21,20.8143
115100,QD,1997,10,28,17.1714
115100,QD,1997,11,04,20.4857
115100,QD,1997,11,11,22.1143
115100,QD,1997,11,18,22.2571
115100,QD,1997,11,25,24.0857
115100,QD,1997,12,02,28.6286
115100,QD,1997,12,09,31.2143
115100,QD,1997,12,16,28.9143
115100,QD,1997,12,23,23.4286
115100,QD,1997,12,30,21.2429
115100,QD,1998,01,06,19.1571
115100,QD,1998,01,13,19.4143
115100,QD,1998,01,20,19.5000
115100,QD,1998,01,27,17.2857
115100,QD,1998,02,03,16.8714
115100,QD,1998,02,10,16.6857
115100,QD,1998,02,17,14.5000
115100,QD,1998,02,24,13.5286
115100,QD,1998,03,03,15.1857
115100,QD,1998,03,10,13.3571
115100,QD,1998,03,17,30.7571
115100,QD,1998,03,24,21.1000
115100,QD,1998,03,31,18.2143
115100,QD,1998,04,07,19.5143
115100,QD,1998,04,14,19.8857
115100,QD,1998,04,21,16.5714
115100,QD,1998,04,28,13.9286
115100,QD,1998,05,05,13.4143
115100,QD,1998,05,12,11.0714
115100,QD,1998,05,19,12.6000
115100,QD,1998,05,26,11.5429
115100,QD,1998,06,02,11.4857
115100,QD,1998,06,09,28.7600
115100,QD,1998,06,16,16.4143
115100,QD,1998,06,23,13.0286
115100,QD,1998,06,30,13.0429
115100,QD,1998,07,07,15.1143
115100,QD,1998,07,14,19.0857
115100,QD,1998,07,21,12.4286
115100,QD,1998,07,28,13.5000
115100,QD,1998,08,04,11.9714
115100,QD,1998,08,11,12.1000
115100,QD,1998,08,18,10.6429
115100,QD,1998,08,25,10.5943
115100,QD,1998,09,01,11.0143
115100,QD,1998,09,08,12.3714
115100,QD,1998,09,15,14.3714
115100,QD,1998,09,22,11.8286
115100,QD,1998,09,29,10.1000
115100,QD,1998,10,06,14.0857
115100,QD,1998,10,13,15.9571
115100,QD,1998,10,20,15.4143
115100,QD,1998,10,27,44.7000
115100,QD,1998,11,03,94.4571
115100,QD,1998,11,10,64.2857
115100,QD,1998,11,17,32.6143
115100,QD,1998,11,24,26.7857
115100,QD,1998,12,01,24.9286
115100,QD,1998,12,08,18.1429
115100,QD,1998,12,15,24.9000
115100,QD,1998,12,22,23.6571
115100,QD,1998,12,29,23.5571
115100,QD,1999,01,05,24.2571
115100,QD,1999,01,12,26.6571
115100,QD,1999,01,19,26.5000
115100,QD,1999,01,26,23.7286
115100,QD,1999,02,02,28.4571
115100,QD,1999,02,09,20.7286
115100,QD,1999,02,16,24.1571
115100,QD,1999,02,23,52.4286
115100,QD,1999,03,02,74.2143
115100,QD,1999,03,09,54.4857
115100,QD,1999,03,16,38.7429
115100,QD,1999,03,23,29.1143
115100,QD,1999,03,30,25.4429
115100,QD,1999,04,06,29.1286
115100,QD,1999,04,13,30.9571
115100,QD,1999,04,20,30.6143
115100,QD,1999,04,27,24.7429
115100,QD,1999,05,04,30.1571
115100,QD,1999,05,11,29.9000
115100,QD,1999,05,18,25.3571
115100,QD,1999,05,25,19.4429
115100,QD,1999,06,01,15.5714
115100,QD,1999,06,08,12.2829
115100,QD,1999,06,15,12.0286
115100,QD,1999,06,22,10.3457
115100,QD,1999,06,29,11.8400
115100,QD,1999,07,06,24.5329
115100,QD,1999,07,13,20.1714
115100,QD,1999,07,20,14.9429
115100,QD,1999,07,27,10.0929
115100,QD,1999,08,03,9.5557
115100,QD,1999,08,10,8.7529
115100,QD,1999,08,17,8.6557
115100,QD,1999,08,24,8.2214
115100,QD,1999,08,31,8.7971
115100,QD,1999,09,07,7.9300
115100,QD,1999,09,14,7.7500
115100,QD,1999,09,21,8.3229
115100,QD,1999,09,28,8.4929
115100,QD,1999,10,05,9.2271
115100,QD,1999,10,12,9.0100
115100,QD,1999,10,19,9.6114
115100,QD,1999,10,26,8.8586
115100,QD,1999,11,02,11.3000
115100,QD,1999,11,09,13.3429
115100,QD,1999,11,16,13.6286
115100,QD,1999,11,23,13.4000
115100,QD,1999,11,30,13.5000
115100,QD,1999,12,07,13.2286
115100,QD,1999,12,14,13.9429
115100,QD,1999,12,21,13.2286
115100,QD,1999,12,28,14.2286
115100,QD,2000,01,04,14.2286
115100,QD,2000,01,11,17.5429
115100,QD,2000,01,18,14.5429
115100,QD,2000,01,25,18.6000
115100,QD,2000,02,01,39.0571
115100,QD,2000,02,08,40.4571
115100,QD,2000,02,15,37.1286
115100,QD,2000,02,22,38.2857
115100,QD,2000,02,29,34.1429
115100,QD,2000,03,07,48.6000
115100,QD,2000,03,14,66.8286
115100,QD,2000,03,21,66.3571
115100,QD,2000,03,28,97.4429
115100,QD,2000,04,04,68.7714
115100,QD,2000,04,11,35.4000
115100,QD,2000,04,18,30.5143
115100,QD,2000,04,25,26.3857
115100,QD,2000,05,02,25.4000
115100,QD,2000,05,09,25.0000
115100,QD,2000,05,16,18.3429
115100,QD,2000,05,23,18.2000
115100,QD,2000,05,30,10.2100
115100,QD,2000,06,06,10.3043
115100,QD,2000,06,13,9.2971
115100,QD,2000,06,20,8.5671
115100,QD,2000,06,27,8.7886
115100,QD,2000,07,04,10.2129
115100,QD,2000,07,11,12.7871
115100,QD,2000,07,18,9.1271
115100,QD,2000,07,25,12.2857
115100,QD,2000,08,01,19.3486
115100,QD,2000,08,08,23.1571
115100,QD,2000,08,15,12.5714
115100,QD,2000,08,22,11.1143
115100,QD,2000,08,29,10.1414
115100,QD,2000,09,05,10.0343
115100,QD,2000,09,12,8.6671
115100,QD,2000,09,19,8.8186
115100,QD,2000,09,26,8.7286
115100,QD,2000,10,03,15.4286
115100,QD,2000,10,10,16.3286
115100,QD,2000,10,17,14.9857
115100,QD,2000,10,24,18.8286
115100,QD,2000,10,31,18.8857
115100,QD,2000,11,07,18.6714
115100,QD,2000,11,14,18.3714
115100,QD,2000,11,21,19.2429
115100,QD,2000,11,28,14.5714
115100,QD,2000,12,05,14.7286
115100,QD,2000,12,12,20.2000
115100,QD,2000,12,19,17.3000
115100,QD,2000,12,26,14.7857
115100,QD,2001,01,02,15.0000
115100,QD,2001,01,09,15.1429
115100,QD,2001,01,16,15.0857
115100,QD,2001,01,23,15.6429
115100,QD,2001,01,30,15.9286
115100,QD,2001,02,06,25.4000
115100,QD,2001,02,13,22.4000
115100,QD,2001,02,20,19.8571
115100,QD,2001,02,27,18.7714
115100,QD,2001,03,06,19.6000
115100,QD,2001,03,13,18.4286
115100,QD,2001,03,20,36.2286
115100,QD,2001,03,27,40.7143
115100,QD,2001,04,03,37.1714
115100,QD,2001,04,10,44.8143
115100,QD,2001,04,17,52.0000
115100,QD,2001,04,24,47.4143
115100,QD,2001,05,01,27.1143
115100,QD,2001,05,08,22.3714
115100,QD,2001,05,15,18.5571
115100,QD,2001,05,22,15.1714
115100,QD,2001,05,29,13.7429
115100,QD,2001,06,05,14.7714
115100,QD,2001,06,12,17.3714
115100,QD,2001,06,19,15.4000
115100,QD,2001,06,26,12.0714
115100,QD,2001,07,03,12.4857
115100,QD,2001,07,10,12.2143
115100,QD,2001,07,17,18.8286
115100,QD,2001,07,24,15.2571
115100,QD,2001,07,31,15.5143
115100,QD,2001,08,07,19.8857
115100,QD,2001,08,14,22.2286
115100,QD,2001,08,21,21.9286
115100,QD,2001,08,28,17.1714
115100,QD,2001,09,04,24.6000
115100,QD,2001,09,11,27.1286
115100,QD,2001,09,18,26.9714
115100,QD,2001,09,25,27.8571
115100,QD,2001,10,02,23.1571
115100,QD,2001,10,09,18.6000
115100,QD,2001,10,16,18.5714
115100,QD,2001,10,23,18.6571
115100,QD,2001,10,30,18.0000
115100,QD,2001,11,06,18.6143
115100,QD,2001,11,13,19.1000
115100,QD,2001,11,20,27.6857
115100,QD,2001,11,27,31.6000
115100,QD,2001,12,04,32.2000
115100,QD,2001,12,11,19.2571
115100,QD,2001,12,18,15.3429
115100,QD,2001,12,25,15.0286
115100,QD,2002,01,01,16.0571
115100,QD,2002,01,08,15.6000
115100,QD,2002,01,15,17.2714
115100,QD,2002,01,22,45.7286
115100,QD,2002,01,29,54.7857
115100,QD,2002,02,05,42.3143
115100,QD,2002,02,12,54.3286
115100,QD,2002,02,19,74.8714
115100,QD,2002,02,26,85.6857
115100,QD,2002,03,05,77.7857
115100,QD,2002,03,12,54.8714
115100,QD,2002,03,19,101.2857
115100,QD,2002,03,26,89.0286
115100,QD,2002,04,02,60.3286
115100,QD,2002,04,09,44.1857
115100,QD,2002,04,16,25.8571
115100,QD,2002,04,23,22.7143
115100,QD,2002,04,30,18.7857
115100,QD,2002,05,07,17.3429
115100,QD,2002,05,14,16.0286
115100,QD,2002,05,21,16.7429
115100,QD,2002,05,28,13.7571
115100,QD,2002,06,04,21.2286
115100,QD,2002,06,11,18.5000
115100,QD,2002,06,18,12.9571
115100,QD,2002,06,25,11.5143
115100,QD,2002,07,02,11.2300
115100,QD,2002,07,09,10.8657
115100,QD,2002,07,16,12.7857
115100,QD,2002,07,23,14.2571
115100,QD,2002,07,30,11.6571
115100,QD,2002,08,06,335.6000
115100,QD,2002,08,13,441.7143
115100,QD,2002,08,20,103.7857
115100,QD,2002,08,27,73.0857
115100,QD,2002,09,03,62.9571
115100,QD,2002,09,10,35.0714
115100,QD,2002,09,17,26.5286
115100,QD,2002,09,24,53.6571
115100,QD,2002,10,01,40.5714
115100,QD,2002,10,08,85.2571
115100,QD,2002,10,15,107.2000
115100,QD,2002,10,22,87.6429
115100,QD,2002,10,29,78.1286
115100,QD,2002,11,05,76.8000
115100,QD,2002,11,12,81.4857
115100,QD,2002,11,19,72.8143
115100,QD,2002,11,26,66.4000
115100,QD,2002,12,03,50.4571
115100,QD,2002,12,10,32.4143
115100,QD,2002,12,17,32.0429
115100,QD,2002,12,24,52.0857
115100,QD,2002,12,31,106.3000
115100,QD,2003,01,07,92.9143
115100,QD,2003,01,14,86.4857
115100,QD,2003,01,21,58.5857
115100,QD,2003,01,28,59.7714
115100,QD,2003,02,04,44.2714
115100,QD,2003,02,11,43.2857
115100,QD,2003,02,18,31.4000
115100,QD,2003,02,25,23.3286
115100,QD,2003,03,04,36.8571
115100,QD,2003,03,11,49.7000
115100,QD,2003,03,18,42.2571
115100,QD,2003,03,25,35.5143
115100,QD,2003,04,01,26.2429
115100,QD,2003,04,08,21.9143
115100,QD,2003,04,15,18.1286
115100,QD,2003,04,22,19.1571
115100,QD,2003,04,29,19.7143
115100,QD,2003,05,06,19.0714
115100,QD,2003,05,13,19.4000
115100,QD,2003,05,20,21.0429
115100,QD,2003,05,27,16.3286
115100,QD,2003,06,03,15.4429
115100,QD,2003,06,10,15.2000
115100,QD,2003,06,17,13.5857
115100,QD,2003,06,24,14.2857
115100,QD,2003,07,01,13.1143
115100,QD,2003,07,08,12.1143
115100,QD,2003,07,15,11.4429
115100,QD,2003,07,22,12.6286
115100,QD,2003,07,29,13.3571
115100,QD,2003,08,05,11.3286
115100,QD,2003,08,12,11.8714
115100,QD,2003,08,19,11.4714
115100,QD,2003,08,26,13.8571
115100,QD,2003,09,02,12.3143
115100,QD,2003,09,09,13.6000
115100,QD,2003,09,16,11.2286
115100,QD,2003,09,23,11.3643
115100,QD,2003,09,30,13.7429
115100,QD,2003,10,07,17.3857
115100,QD,2003,10,14,11.8000
115100,QD,2003,10,21,15.1143
115100,QD,2003,10,28,11.8714
115100,QD,2003,11,04,12.0000
115100,QD,2003,11,11,11.4286
115100,QD,2003,11,18,10.5757
115100,QD,2003,11,25,10.3543
115100,QD,2003,12,02,10.3714
115100,QD,2003,12,09,11.0229
115100,QD,2003,12,16,12.7000
115100,QD,2003,12,23,12.9571
115100,QD,2003,12,30,14.1714
115100,QD,2004,01,06,14.5714
115100,QD,2004,01,13,30.2000
115100,QD,2004,01,20,17.4143
115100,QD,2004,01,27,15.3571
115100,QD,2004,02,03,33.1429
115100,QD,2004,02,10,20.8571
115100,QD,2004,02,17,20.3000
115100,QD,2004,02,24,18.8714
115100,QD,2004,03,02,17.9143
115100,QD,2004,03,09,18.5000
115100,QD,2004,03,16,32.9000
115100,QD,2004,03,23,44.3286
115100,QD,2004,03,30,49.5000
115100,QD,2004,04,06,47.8857
115100,QD,2004,04,13,36.5571
115100,QD,2004,04,20,32.4000
115100,QD,2004,04,27,29.6571
115100,QD,2004,05,04,49.1286
115100,QD,2004,05,11,34.0429
115100,QD,2004,05,18,28.6286
115100,QD,2004,05,25,23.7857
115100,QD,2004,06,01,65.9571
115100,QD,2004,06,08,57.9571
115100,QD,2004,06,15,38.9429
115100,QD,2004,06,22,30.3000
115100,QD,2004,06,29,22.3571
115100,QD,2004,07,06,19.8857
115100,QD,2004,07,13,18.3286
115100,QD,2004,07,20,17.1571
115100,QD,2004,07,27,17.6571
115100,QD,2004,08,03,16.3000
115100,QD,2004,08,10,14.6714
115100,QD,2004,08,17,12.1857
115100,QD,2004,08,24,14.8857
115100,QD,2004,08,31,11.6000
115100,QD,2004,09,07,11.9571
115100,QD,2004,09,14,13.2000
115100,QD,2004,09,21,17.9571
115100,QD,2004,09,28,13.5000
115100,QD,2004,10,05,15.1714
115100,QD,2004,10,12,15.1429
115100,QD,2004,10,19,13.2714
115100,QD,2004,10,26,14.4429
115100,QD,2004,11,02,14.4857
115100,QD,2004,11,09,16.1143
115100,QD,2004,11,16,17.5857
115100,QD,2004,11,23,23.0857
115100,QD,2004,11,30,20.4143
115100,QD,2004,12,07,18.5429
115100,QD,2004,12,14,16.7857
115100,QD,2004,12,21,19.6571
115100,QD,2004,12,28,19.0286
115100,QD,2005,01,04,19.2571
115100,QD,2005,01,11,18.6429
115100,QD,2005,01,18,21.3429
115100,QD,2005,01,25,19.3571
115100,QD,2005,02,01,18.8429
115100,QD,2005,02,08,30.2429
115100,QD,2005,02,15,32.4857
115100,QD,2005,02,22,31.7286
115100,QD,2005,03,01,23.0429
115100,QD,2005,03,08,29.0286
115100,QD,2005,03,15,75.7000
115100,QD,2005,03,22,67.1429
115100,QD,2005,03,29,56.0000
115100,QD,2005,04,05,43.1000
115100,QD,2005,04,12,38.6286
115100,QD,2005,04,19,46.9429
115100,QD,2005,04,26,48.2857
115100,QD,2005,05,03,46.0000
115100,QD,2005,05,10,26.3571
115100,QD,2005,05,17,26.9000
115100,QD,2005,05,24,41.5286
115100,QD,2005,05,31,27.7286
115100,QD,2005,06,07,21.2143
115100,QD,2005,06,14,22.6857
115100,QD,2005,06,21,18.2714
115100,QD,2005,06,28,18.7857
115100,QD,2005,07,05,40.9000
115100,QD,2005,07,12,67.8000
115100,QD,2005,07,19,35.6000
115100,QD,2005,07,26,31.0000
115100,QD,2005,08,02,22.5429
115100,QD,2005,08,09,21.6857
115100,QD,2005,08,16,63.6286
115100,QD,2005,08,23,56.7286
115100,QD,2005,08,30,36.9143
115100,QD,2005,09,06,24.2429
115100,QD,2005,09,13,29.1429
115100,QD,2005,09,20,24.3857
115100,QD,2005,09,27,33.4571
115100,QD,2005,10,04,30.7000
115100,QD,2005,10,11,26.1571
115100,QD,2005,10,18,22.6714
115100,QD,2005,10,25,18.0000
115100,QD,2005,11,01,19.8143
115100,QD,2005,11,08,18.5429
115100,QD,2005,11,15,16.6714
115100,QD,2005,11,22,17.5286
115100,QD,2005,11,29,18.9286
115100,QD,2005,12,06,20.2571
115100,QD,2005,12,13,20.1143
115100,QD,2005,12,20,18.0000
115100,QD,2005,12,27,17.4714
115100,QD,2006,01,03,16.3286
115100,QD,2006,01,10,16.0286
115100,QD,2006,01,17,16.3286
115100,QD,2006,01,24,16.4429
115100,QD,2006,01,31,16.3571
115100,QD,2006,02,07,16.9286
115100,QD,2006,02,14,17.1429
115100,QD,2006,02,21,17.3571
115100,QD,2006,02,28,18.7714
115100,QD,2006,03,07,28.3143
115100,QD,2006,03,14,26.3571
115100,QD,2006,03,21,59.8857
115100,QD,2006,03,28,204.7143
115100,QD,2006,04,04,92.6857
115100,QD,2006,04,11,92.0429
115100,QD,2006,04,18,84.8571
115100,QD,2006,04,25,89.8143
115100,QD,2006,05,02,75.1714
115100,QD,2006,05,09,34.0857
115100,QD,2006,05,16,29.7857
115100,QD,2006,05,23,31.4000
115100,QD,2006,05,30,57.1714
115100,QD,2006,06,06,49.4286
115100,QD,2006,06,13,29.2429
115100,QD,2006,06,20,21.4857
115100,QD,2006,06,27,86.5857
115100,QD,2006,07,04,48.2286
115100,QD,2006,07,11,37.1143
115100,QD,2006,07,18,28.7000
115100,QD,2006,07,25,23.0000
115100,QD,2006,08,01,38.9571
115100,QD,2006,08,08,59.1286
115100,QD,2006,08,15,33.6286
115100,QD,2006,08,22,33.5286
115100,QD,2006,08,29,39.0429
115100,QD,2006,09,05,15.9429
115100,QD,2006,09,12,14.7429
115100,QD,2006,09,19,14.7143
115100,QD,2006,09,26,11.2143
115100,QD,2006,10,03,15.1571
115100,QD,2006,10,10,17.0857
115100,QD,2006,10,17,13.8143
115100,QD,2006,10,24,13.0000
115100,QD,2006,10,31,15.9000
115100,QD,2006,11,07,14.5857
115100,QD,2006,11,14,16.7143
115100,QD,2006,11,21,15.2714
115100,QD,2006,11,28,13.3857
115100,QD,2006,12,05,17.4143
115100,QD,2006,12,12,18.2143
115100,QD,2006,12,19,19.8714
115100,QD,2006,12,26,14.1714
115100,QD,2007,01,02,19.6286
115100,QD,2007,01,09,19.7714
115100,QD,2007,01,16,21.1857
115100,QD,2007,01,23,25.6714
115100,QD,2007,01,30,27.8571
115100,QD,2007,02,06,26.7286
115100,QD,2007,02,13,26.6857
115100,QD,2007,02,20,24.2857
115100,QD,2007,02,27,30.5429
115100,QD,2007,03,06,37.7571
115100,QD,2007,03,13,36.8286
115100,QD,2007,03,20,31.4286
115100,QD,2007,03,27,34.2286
115100,QD,2007,04,03,31.1714
115100,QD,2007,04,10,21.3143
115100,QD,2007,04,17,18.6857
115100,QD,2007,04,24,16.8571
115100,QD,2007,05,01,18.2857
115100,QD,2007,05,08,18.2857
115100,QD,2007,05,15,16.9286
115100,QD,2007,05,22,13.4286
115100,QD,2007,05,29,14.7857
115100,QD,2007,06,05,13.4143
115100,QD,2007,06,12,12.0286
115100,QD,2007,06,19,12.7000
115100,QD,2007,06,26,12.7714
115100,QD,2007,07,03,13.5571
115100,QD,2007,07,10,13.2143
115100,QD,2007,07,17,12.2143
115100,QD,2007,07,24,11.9000
115100,QD,2007,07,31,12.2143
115100,QD,2007,08,07,14.1143
115100,QD,2007,08,14,14.8429
115100,QD,2007,08,21,13.8143
115100,QD,2007,08,28,15.1286
115100,QD,2007,09,04,47.3286
115100,QD,2007,09,11,30.9143
115100,QD,2007,09,18,21.6857
115100,QD,2007,09,25,24.0857
115100,QD,2007,10,02,21.4000
115100,QD,2007,10,09,21.3571
115100,QD,2007,10,16,17.6714
115100,QD,2007,10,23,21.2286
115100,QD,2007,10,30,22.3857
115100,QD,2007,11,06,28.0571
115100,QD,2007,11,13,36.2714
115100,QD,2007,11,20,36.3714
115100,QD,2007,11,27,47.0000
115100,QD,2007,12,04,65.7429
115100,QD,2007,12,11,72.5571
115100,QD,2007,12,18,45.9286
115100,QD,2007,12,25,23.5571
115100,QD,2008,01,01,18.3571
115100,QD,2008,01,08,18.1857
115100,QD,2008,01,15,27.6714
115100,QD,2008,01,22,33.8143
115100,QD,2008,01,29,32.6857
115100,QD,2008,02,05,32.6000
115100,QD,2008,02,12,31.6143
115100,QD,2008,02,19,24.3143
115100,QD,2008,02,26,32.5286
115100,QD,2008,03,04,59.5286
115100,QD,2008,03,11,67.1857
115100,QD,2008,03,18,68.2286
115100,QD,2008,03,25,50.9714
115100,QD,2008,04,01,36.9000
115100,QD,2008,04,08,34.9857
115100,QD,2008,04,15,33.2286
115100,QD,2008,04,22,45.9571
115100,QD,2008,04,29,49.4143
115100,QD,2008,05,06,30.2714
115100,QD,2008,05,13,23.6286
115100,QD,2008,05,20,38.4857
115100,QD,2008,05,27,33.0571
115100,QD,2008,06,03,29.9143
115100,QD,2008,06,10,22.0429
115100,QD,2008,06,17,20.2714
115100,QD,2008,06,24,14.3000
115100,QD,2008,07,01,17.1571
115100,QD,2008,07,08,14.6857
115100,QD,2008,07,15,16.7000
115100,QD,2008,07,22,17.7571
115100,QD,2008,07,29,20.4286
115100,QD,2008,08,05,14.1429
115100,QD,2008,08,12,16.6429
115100,QD,2008,08,19,14.8857
115100,QD,2008,08,26,12.0714
115100,QD,2008,09,02,15.2000
115100,QD,2008,09,09,11.1000
115100,QD,2008,09,16,15.0857
115100,QD,2008,09,23,14.4286
115100,QD,2008,09,30,14.9714
115100,QD,2008,10,07,18.5286
115100,QD,2008,10,14,13.7286
115100,QD,2008,10,21,16.7429
115100,QD,2008,10,28,14.0857
115100,QD,2008,11,04,15.3286
115100,QD,2008,11,11,15.0429
115100,QD,2008,11,18,15.0857
115100,QD,2008,11,25,13.4143
115100,QD,2008,12,02,14.9571
115100,QD,2008,12,09,14.3429
115100,QD,2008,12,16,15.3429
115100,QD,2008,12,23,15.9143
115100,QD,2008,12,30,14.1857
115100,QD,2009,01,06,13.3857
115100,QD,2009,01,13,13.0143
115100,QD,2009,01,20,12.4143
115100,QD,2009,01,27,12.2000
115100,QD,2009,02,03,12.7286
115100,QD,2009,02,10,18.0857
115100,QD,2009,02,17,15.1143
115100,QD,2009,02,24,28.9286
115100,QD,2009,03,03,63.4000
115100,QD,2009,03,10,47.9286
115100,QD,2009,03,17,43.5571
115100,QD,2009,03,24,40.4286
115100,QD,2009,03,31,59.8143
115100,QD,2009,04,07,53.3286
115100,QD,2009,04,14,34.1714
115100,QD,2009,04,21,22.2714
115100,QD,2009,04,28,21.3000
115100,QD,2009,05,05,23.2857
115100,QD,2009,05,12,26.6857
115100,QD,2009,05,19,25.9143
115100,QD,2009,05,26,28.3714
115100,QD,2009,06,02,16.5857
115100,QD,2009,06,09,14.9571
115100,QD,2009,06,16,17.4429
115100,QD,2009,06,23,185.4286
115100,QD,2009,06,30,135.5714
115100,QD,2009,07,07,99.5429
115100,QD,2009,07,14,65.0000
115100,QD,2009,07,21,37.7857
115100,QD,2009,07,28,29.6571
115100,QD,2009,08,04,63.9286
115100,QD,2009,08,11,37.4857
115100,QD,2009,08,18,26.0143
115100,QD,2009,08,25,24.3143
115100,QD,2009,09,01,19.8857
115100,QD,2009,09,08,18.5714
115100,QD,2009,09,15,23.8143
115100,QD,2009,09,22,21.9714
115100,QD,2009,09,29,21.1143
115100,QD,2009,10,06,24.6714
115100,QD,2009,10,13,25.1714
115100,QD,2009,10,20,18.3857
115100,QD,2009,10,27,21.6143
115100,QD,2009,11,03,26.4429
115100,QD,2009,11,10,25.4000
115100,QD,2009,11,17,24.0143
115100,QD,2009,11,24,23.7143
115100,QD,2009,12,01,18.3857
115100,QD,2009,12,08,24.8714
115100,QD,2009,12,15,22.7143
115100,QD,2009,12,22,19.7571
115100,QD,2009,12,29,24.1286
115100,QD,2010,01,05,18.8714
115100,QD,2010,01,12,17.9857
115100,QD,2010,01,19,18.0429
115100,QD,2010,01,26,16.2857
115100,QD,2010,02,02,15.7429
115100,QD,2010,02,09,16.1286
115100,QD,2010,02,16,23.1286
115100,QD,2010,02,23,46.0714
115100,QD,2010,03,02,40.4286
115100,QD,2010,03,09,30.1571
115100,QD,2010,03,16,50.7000
115100,QD,2010,03,23,62.2143
115100,QD,2010,03,30,49.1000
115100,QD,2010,04,06,47.9571
115100,QD,2010,04,13,42.9571
115100,QD,2010,04,20,32.7714
115100,QD,2010,04,27,32.5571
115100,QD,2010,05,04,36.8429
115100,QD,2010,05,11,68.4000
115100,QD,2010,05,18,53.4143
115100,QD,2010,05,25,47.8143
115100,QD,2010,06,01,85.3429
115100,QD,2010,06,08,58.5286
115100,QD,2010,06,15,60.9000
115100,QD,2010,06,22,48.9714
115100,QD,2010,06,29,30.0857
115100,QD,2010,07,06,23.9143
115100,QD,2010,07,13,29.1143
115100,QD,2010,07,20,42.0286
115100,QD,2010,07,27,42.1571
115100,QD,2010,08,03,76.4000
115100,QD,2010,08,10,63.0143
115100,QD,2010,08,17,43.1571
115100,QD,2010,08,24,36.6857
115100,QD,2010,08,31,34.1857
115100,QD,2010,09,07,32.1571
115100,QD,2010,09,14,30.4571
115100,QD,2010,09,21,16.2143
115100,QD,2010,09,28,21.3857
115100,QD,2010,10,05,21.7714
115100,QD,2010,10,12,19.5857
115100,QD,2010,10,19,19.9143
115100,QD,2010,10,26,24.9000
115100,QD,2010,11,02,15.0000
115100,QD,2010,11,09,16.4857
115100,QD,2010,11,16,15.2571
115100,QD,2010,11,23,14.3429
115100,QD,2010,11,30,17.9571
115100,QD,2010,12,07,19.1429
115100,QD,2010,12,14,15.3429
115100,QD,2010,12,21,15.0286
115100,QD,2010,12,28,15.0857
115100,QD,2011,01,04,18.3000
115100,QD,2011,01,11,43.0714
115100,QD,2011,01,18,29.0286
115100,QD,2011,01,25,22.2286
115100,QD,2011,02,01,23.8857
115100,QD,2011,02,08,24.4571
115100,QD,2011,02,15,22.0714
115100,QD,2011,02,22,19.6143
115100,QD,2011,03,01,18.4429
115100,QD,2011,03,08,19.1000
115100,QD,2011,03,15,36.4714
115100,QD,2011,03,22,28.5714
115100,QD,2011,03,29,22.9000
115100,QD,2011,04,05,23.5571
115100,QD,2011,04,12,21.2571
115100,QD,2011,04,19,15.8714
115100,QD,2011,04,26,14.6714
115100,QD,2011,05,03,14.4714
115100,QD,2011,05,10,12.8429
115100,QD,2011,05,17,11.7857
115100,QD,2011,05,24,18.4429
115100,QD,2011,05,31,20.7571
115100,QD,2011,06,07,14.1571
115100,QD,2011,06,14,13.1857
115100,QD,2011,06,21,12.3571
115100,QD,2011,06,28,11.4286
115100,QD,2011,07,05,14.5000
115100,QD,2011,07,12,15.2000
115100,QD,2011,07,19,13.5714
115100,QD,2011,07,26,17.9714
115100,QD,2011,08,02,22.3429
115100,QD,2011,08,09,24.8714
115100,QD,2011,08,16,19.4000
115100,QD,2011,08,23,17.1143
115100,QD,2011,08,30,15.7571
115100,QD,2011,09,06,21.1571
115100,QD,2011,09,13,15.0857
115100,QD,2011,09,20,17.0571
115100,QD,2011,09,27,14.5714
115100,QD,2011,10,04,21.6286
115100,QD,2011,10,11,20.2714
115100,QD,2011,10,18,16.7714
115100,QD,2011,10,25,18.3429
115100,QD,2011,11,01,15.5571
115100,QD,2011,11,08,17.0857
115100,QD,2011,11,15,16.3714
115100,QD,2011,11,22,13.5000
115100,QD,2011,11,29,13.1714
115100,QD,2011,12,06,15.6571
115100,QD,2011,12,13,18.6429
115100,QD,2011,12,20,26.2714
115100,QD,2011,12,27,28.1429
115100,QD,2012,01,03,37.2571
115100,QD,2012,01,10,36.0286
115100,QD,2012,01,17,44.4571
115100,QD,2012,01,24,46.8571
115100,QD,2012,01,31,23.1857
115100,QD,2012,02,07,13.1714
115100,QD,2012,02,14,13.7000
115100,QD,2012,02,21,27.0286
115100,QD,2012,02,28,45.2571
115100,QD,2012,03,06,47.9286
115100,QD,2012,03,13,47.2571
115100,QD,2012,03,20,40.3143
115100,QD,2012,03,27,33.1857
115100,QD,2012,04,03,28.6857
115100,QD,2012,04,10,31.2000
115100,QD,2012,04,17,33.4571
115100,QD,2012,04,24,28.7571
115100,QD,2012,05,01,18.7000
115100,QD,2012,05,08,13.8857
115100,QD,2012,05,15,17.7857
115100,QD,2012,05,22,14.7000
115100,QD,2012,05,29,14.7143
115100,QD,2012,06,05,19.4000
115100,QD,2012,06,12,32.0571
115100,QD,2012,06,19,37.2143
115100,QD,2012,06,26,22.4000
115100,QD,2012,07,03,22.4571
115100,QD,2012,07,10,21.6143
115100,QD,2012,07,17,18.2429
115100,QD,2012,07,24,32.7143
115100,QD,2012,07,31,28.1000
115100,QD,2012,08,07,33.7714
115100,QD,2012,08,14,15.4714
115100,QD,2012,08,21,15.2571
115100,QD,2012,08,28,25.7143
115100,QD,2012,09,04,16.5857
115100,QD,2012,09,11,21.2000
115100,QD,2012,09,18,17.1429
115100,QD,2012,09,25,16.5000
115100,QD,2012,10,02,17.2857
115100,QD,2012,10,09,23.3000
115100,QD,2012,10,16,20.5143
115100,QD,2012,10,23,20.2571
115100,QD,2012,10,30,20.4571
115100,QD,2012,11,06,17.4714
115100,QD,2012,11,13,15.7857
115100,QD,2012,11,20,13.5714
115100,QD,2012,11,27,13.7000
115100,QD,2012,12,04,12.9000
115100,QD,2012,12,11,14.3286
115100,QD,2012,12,18,24.8571
115100,QD,2012,12,25,30.6000
115100,QD,2013,01,01,47.8857
115100,QD,2013,01,08,57.9000
115100,QD,2013,01,15,30.0857
115100,QD,2013,01,22,25.2429
115100,QD,2013,01,29,70.4714
115100,QD,2013,02,05,57.6286
115100,QD,2013,02,12,51.9429
115100,QD,2013,02,19,36.7286
115100,QD,2013,02,26,38.4571
115100,QD,2013,03,05,47.9286
115100,QD,2013,03,12,40.5286
115100,QD,2013,03,19,34.7000
115100,QD,2013,03,26,30.7857
115100,QD,2013,04,02,27.2857
115100,QD,2013,04,09,35.4857
115100,QD,2013,04,16,34.3286
115100,QD,2013,04,23,30.2000
115100,QD,2013,04,30,29.2429
115100,QD,2013,05,07,29.4571
115100,QD,2013,05,14,25.7714
115100,QD,2013,05,21,25.3857
115100,QD,2013,05,28,181.5571
115100,QD,2013,06,04,258.1429
115100,QD,2013,06,11,126.7857
115100,QD,2013,06,18,47.8000
115100,QD,2013,06,25,76.0143
115100,QD,2013,07,02,39.0000
115100,QD,2013,07,09,28.9000
115100,QD,2013,07,16,22.3143
115100,QD,2013,07,23,17.2857
115100,QD,2013,07,30,13.8143
115100,QD,2013,08,06,13.6429
115100,QD,2013,08,13,11.4000
115100,QD,2013,08,20,11.9714
115100,QD,2013,08,27,14.8571
115100,QD,2013,09,03,12.2286
115100,QD,2013,09,10,12.3286
115100,QD,2013,09,17,14.7571
115100,QD,2013,09,24,12.9286
115100,QD,2013,10,01,14.5143
115100,QD,2013,10,08,19.7286
115100,QD,2013,10,15,16.4000
115100,QD,2013,10,22,13.4857
115100,QD,2013,10,29,14.2000
115100,QD,2013,11,05,12.8000
115100,QD,2013,11,12,13.3429
115100,QD,2013,11,19,12.0000
115100,QD,2013,11,26,11.9571
115100,QD,2013,12,03,13.6714
115100,QD,2013,12,10,13.8571
115100,QD,2013,12,17,12.1143
115100,QD,2013,12,24,11.9000
115100,QD,2013,12,31,11.3571
115100,QD,2014,01,07,12.1000
115100,QD,2014,01,14,12.4286
115100,QD,2014,01,21,14.2429
115100,QD,2014,01,28,11.9286
115100,QD,2014,02,04,11.6143
115100,QD,2014,02,11,11.9286
115100,QD,2014,02,18,11.3714
115100,QD,2014,02,25,11.8429
115100,QD,2014,03,04,11.6000
115100,QD,2014,03,11,11.5286
115100,QD,2014,03,18,12.6857
115100,QD,2014,03,25,13.4857
115100,QD,2014,04,01,11.9429
115100,QD,2014,04,08,11.4700
115100,QD,2014,04,15,10.4714
115100,QD,2014,04,22,10.5157
115100,QD,2014,04,29,11.1286
115100,QD,2014,05,06,10.8857
115100,QD,2014,05,13,26.1071
115100,QD,2014,05,20,22.9714
115100,QD,2014,05,27,32.3714
115100,QD,2014,06,03,19.9571
115100,QD,2014,06,10,12.5714
115100,QD,2014,06,17,10.1757
115100,QD,2014,06,24,11.1014
115100,QD,2014,07,01,10.1914
115100,QD,2014,07,08,11.7571
115100,QD,2014,07,15,11.5714
115100,QD,2014,07,22,12.9857
115100,QD,2014,07,29,17.6143
115100,QD,2014,08,05,20.5143
115100,QD,2014,08,12,15.6429
115100,QD,2014,08,19,13.2143
115100,QD,2014,08,26,21.8143
115100,QD,2014,09,02,37.9143
115100,QD,2014,09,09,39.0286
115100,QD,2014,09,16,39.1714
115100,QD,2014,09,23,29.4857
115100,QD,2014,09,30,29.8286
115100,QD,2014,10,07,23.9000
115100,QD,2014,10,14,19.2143
115100,QD,2014,10,21,52.4714
115100,QD,2014,10,28,35.6143
115100,QD,2014,11,04,23.9143
115100,QD,2014,11,11,22.2571
115100,QD,2014,11,18,19.2000
115100,QD,2014,11,25,17.0143
115100,QD,2014,12,02,15.8143
115100,QD,2014,12,09,15.8714
115100,QD,2014,12,16,16.7429
115100,QD,2014,12,23,15.3286
115100,QD,2014,12,30,19.8571
115100,QD,2015,01,06,30.5429
115100,QD,2015,01,13,41.3286
115100,QD,2015,01,20,39.9286
115100,QD,2015,01,27,27.3286
115100,QD,2015,02,03,21.8000
115100,QD,2015,02,10,22.2714
115100,QD,2015,02,17,19.9143
115100,QD,2015,02,24,17.9714
115100,QD,2015,03,03,20.4143
115100,QD,2015,03,10,18.7429
115100,QD,2015,03,17,18.2429
115100,QD,2015,03,24,18.8857
115100,QD,2015,03,31,38.5429
115100,QD,2015,04,07,36.9000
115100,QD,2015,04,14,39.2286
115100,QD,2015,04,21,29.1714
115100,QD,2015,04,28,31.5286
115100,QD,2015,05,05,26.5571
115100,QD,2015,05,12,13.8286
115100,QD,2015,05,19,18.7714
115100,QD,2015,05,26,17.3714
115100,QD,2015,06,02,15.2857
115100,QD,2015,06,09,16.7571
115100,QD,2015,06,16,17.7571
115100,QD,2015,06,23,18.9571
115100,QD,2015,06,30,17.2000
115100,QD,2015,07,07,11.2371
115100,QD,2015,07,14,12.0714
115100,QD,2015,07,21,13.5571
115100,QD,2015,07,28,12.9257
115100,QD,2015,08,04,10.1786
115100,QD,2015,08,11,11.6943
115100,QD,2015,08,18,11.4571
115100,QD,2015,08,25,9.9829
115100,QD,2015,09,01,11.3986
115100,QD,2015,09,08,10.8500
115100,QD,2015,09,15,11.1429
115100,QD,2015,09,22,10.6000
115100,QD,2015,09,29,10.6857
115100,QD,2015,10,06,15.3000
115100,QD,2015,10,13,15.8000
115100,QD,2015,10,20,16.3000
115100,QD,2015,10,27,14.9714
115100,QD,2015,11,03,12.9000
115100,QD,2015,11,10,13.7143
115100,QD,2015,11,17,15.5429
115100,QD,2015,11,24,12.1571
115100,QD,2015,12,01,14.0143
115100,QD,2015,12,08,11.6857
115100,QD,2015,12,15,11.2857
115100,QD,2015,12,22,11.3286
115100,QD,2015,12,29,10.5729
115100,QD,2016,01,05,10.5286
115100,QD,2016,01,12,13.7000
115100,QD,2016,01,19,15.6429
115100,QD,2016,01,26,20.4000
115100,QD,2016,02,02,18.6857
115100,QD,2016,02,09,17.3286
115100,QD,2016,02,16,17.1714
115100,QD,2016,02,23,28.4857
115100,QD,2016,03,01,47.1286
115100,QD,2016,03,08,43.1000
115100,QD,2016,03,15,33.1000
115100,QD,2016,03,22,21.2429
115100,QD,2016,03,29,18.8286
115100,QD,2016,04,05,19.6571
115100,QD,2016,04,12,16.8286
115100,QD,2016,04,19,16.4143
115100,QD,2016,04,26,16.6429
115100,QD,2016,05,03,15.7143
115100,QD,2016,05,10,16.6143
115100,QD,2016,05,17,16.4714
115100,QD,2016,05,24,13.7429
115100,QD,2016,05,31,60.1286
115100,QD,2016,06,07,36.7000
115100,QD,2016,06,14,30.8000
115100,QD,2016,06,21,29.1571
115100,QD,2016,06,28,27.3714
115100,QD,2016,07,05,17.1571
115100,QD,2016,07,12,49.9429
115100,QD,2016,07,19,41.1000
115100,QD,2016,07,26,48.7000
115100,QD,2016,08,02,30.5571
115100,QD,2016,08,09,28.6286
115100,QD,2016,08,16,24.3000
115100,QD,2016,08,23,15.6571
115100,QD,2016,08,30,12.8000
115100,QD,2016,09,06,12.1857
115100,QD,2016,09,13,12.9143
115100,QD,2016,09,20,11.4714
115100,QD,2016,09,27,11.6857
115100,QD,2016,10,04,19.7000
115100,QD,2016,10,11,24.7000
115100,QD,2016,10,18,23.2429
115100,QD,2016,10,25,12.7000
115100,QD,2016,11,01,13.4571
115100,QD,2016,11,08,14.9571
115100,QD,2016,11,15,17.3143
115100,QD,2016,11,22,15.8714
115100,QD,2016,11,29,14.0571
115100,QD,2016,12,06,12.5000
115100,QD,2016,12,13,13.6857
115100,QD,2016,12,20,13.6714
115100,QD,2016,12,27,12.3657
115100,QD,2017,01,03,14.6286
115100,QD,2017,01,10,14.4714
115100,QD,2017,01,17,14.5000
115100,QD,2017,01,24,14.8857
115100,QD,2017,01,31,14.0714
115100,QD,2017,02,07,13.6714
115100,QD,2017,02,14,15.2143
115100,QD,2017,02,21,26.5000
115100,QD,2017,02,28,19.0286
115100,QD,2017,03,07,18.6286
115100,QD,2017,03,14,21.8857
115100,QD,2017,03,21,19.2571
115100,QD,2017,03,28,15.8714
115100,QD,2017,04,04,16.9143
115100,QD,2017,04,11,15.6857
115100,QD,2017,04,18,20.7000
115100,QD,2017,04,25,33.9429
115100,QD,2017,05,02,36.5000
115100,QD,2017,05,09,27.1714
115100,QD,2017,05,16,24.9857
115100,QD,2017,05,23,30.1000
115100,QD,2017,05,30,23.2714
115100,QD,2017,06,06,16.1000
115100,QD,2017,06,13,10.6343
115100,QD,2017,06,20,10.3143
115100,QD,2017,06,27,10.9586
115100,QD,2017,07,04,9.6143
115100,QD,2017,07,11,13.1814
115100,QD,2017,07,18,11.0157
115100,QD,2017,07,25,15.6714
115100,QD,2017,08,01,14.5714
115100,QD,2017,08,08,18.6286
115100,QD,2017,08,15,15.8286
115100,QD,2017,08,22,11.4143
115100,QD,2017,08,29,17.6529
115100,QD,2017,09,05,11.4857
115100,QD,2017,09,12,11.9000
115100,QD,2017,09,19,13.2000
115100,QD,2017,09,26,12.2429
115100,QD,2017,10,03,11.7571
115100,QD,2017,10,10,15.0857
115100,QD,2017,10,17,11.1571
115100,QD,2017,10,24,14.2143
115100,QD,2017,10,31,12.6571
115100,QD,2017,11,07,13.8571
115100,QD,2017,11,14,13.8857
115100,QD,2017,11,21,12.0143
115100,QD,2017,11,28,12.2000
115100,QD,2017,12,05,15.3714
115100,QD,2017,12,12,13.8857
115100,QD,2017,12,19,15.6000
115100,QD,2017,12,26,15.8714
115100,QD,2018,01,02,19.2857
115100,QD,2018,01,09,22.8857
115100,QD,2018,01,16,28.2571
115100,QD,2018,01,23,35.2286
115100,QD,2018,01,30,39.0714
115100,QD,2018,02,06,32.0571
115100,QD,2018,02,13,32.2143
115100,QD,2018,02,20,25.2571
115100,QD,2018,02,27,14.9286
115100,QD,2018,03,06,20.7143
115100,QD,2018,03,13,23.8429
115100,QD,2018,03,20,21.8571
115100,QD,2018,03,27,27.7286
115100,QD,2018,04,03,25.4000
115100,QD,2018,04,10,24.7571
115100,QD,2018,04,17,20.6714
115100,QD,2018,04,24,20.5143
115100,QD,2018,05,01,16.0571
115100,QD,2018,05,08,14.0857
115100,QD,2018,05,15,11.1657
115100,QD,2018,05,22,16.3557
115100,QD,2018,05,29,13.2857
115100,QD,2018,06,05,13.5143
115100,QD,2018,06,12,23.5000
115100,QD,2018,06,19,17.9714
115100,QD,2018,06,26,24.0571
115100,QD,2018,07,03,16.6143
115100,QD,2018,07,10,16.8000
115100,QD,2018,07,17,16.8571
115100,QD,2018,07,24,14.0286
115100,QD,2018,07,31,14.2857
115100,QD,2018,08,07,13.7714
115100,QD,2018,08,14,12.6571
115100,QD,2018,08,21,13.7571
115100,QD,2018,08,28,14.0143
115100,QD,2018,09,04,12.7286
115100,QD,2018,09,11,15.8957
115100,QD,2018,09,18,13.2143
115100,QD,2018,09,25,14.2857
115100,QD,2018,10,02,13.8571
115100,QD,2018,10,09,17.6571
115100,QD,2018,10,16,11.6143
115100,QD,2018,10,23,13.4857
115100,QD,2018,10,30,10.3700
115100,QD,2018,11,06,10.1814
115100,QD,2018,11,13,10.0586
115100,QD,2018,11,20,10.1957
115100,QD,2018,11,27,12.2286
115100,QD,2018,12,04,15.3286
115100,QD,2018,12,11,13.2000
115100,QD,2018,12,18,20.0000
115100,QD,2018,12,25,29.7143
115100,QD,2019,01,01,25.3429
115100,QD,2019,01,08,34.0286
115100,QD,2019,01,15,38.3286
115100,QD,2019,01,22,33.4857
115100,QD,2019,01,29,29.1286
115100,QD,2019,02,05,25.6714
115100,QD,2019,02,12,24.4143
115100,QD,2019,02,19,31.7000
115100,QD,2019,02,26,39.4714
115100,QD,2019,03,05,50.3714
115100,QD,2019,03,12,79.0000
115100,QD,2019,03,19,83.3286
115100,QD,2019,03,26,58.2143
115100,QD,2019,04,02,50.2429
115100,QD,2019,04,09,40.0714
115100,QD,2019,04,16,22.0714
115100,QD,2019,04,23,12.6714
115100,QD,2019,04,30,14.1857
115100,QD,2019,05,07,18.3857
115100,QD,2019,05,14,18.2571
115100,QD,2019,05,21,16.9857
115100,QD,2019,05,28,21.6143
115100,QD,2019,06,04,19.6286
115100,QD,2019,06,11,13.1000
115100,QD,2019,06,18,15.4714
115100,QD,2019,06,25,13.5714
115100,QD,2019,07,02,11.3543
115100,QD,2019,07,09,14.1286
115100,QD,2019,07,16,13.5100
115100,QD,2019,07,23,12.7643
115100,QD,2019,07,30,15.3000
115100,QD,2019,08,06,13.0429
115100,QD,2019,08,13,12.6571
115100,QD,2019,08,20,12.2714
115100,QD,2019,08,27,12.2686
115100,QD,2019,09,03,15.8571
115100,QD,2019,09,10,15.4429
115100,QD,2019,09,17,12.0443
115100,QD,2019,09,24,15.4857
115100,QD,2019,10,01,13.6000
115100,QD,2019,10,08,15.0571
115100,QD,2019,10,15,11.0000
115100,QD,2019,10,22,10.4429
115100,QD,2019,10,29,10.2371
115100,QD,2019,11,05,9.9057
115100,QD,2019,11,12,11.7100
115100,QD,2019,11,19,9.9171
115100,QD,2019,11,26,9.8014
115100,QD,2019,12,03,9.4714
115100,QD,2019,12,10,9.7043
115100,QD,2019,12,17,10.8657
115100,QD,2019,12,24,11.7571
115100,QD,2019,12,31,10.6714
115100,QD,2020,01,07,10.4571
115100,QD,2020,01,14,10.5643
115100,QD,2020,01,21,11.2671
115100,QD,2020,01,28,16.9429
115100,QD,2020,02,04,21.8571
115100,QD,2020,02,11,20.6429
115100,QD,2020,02,18,17.4000
115100,QD,2020,02,25,19.6429
115100,QD,2020,03,03,21.9000
115100,QD,2020,03,10,27.1429
115100,QD,2020,03,17,25.0714
115100,QD,2020,03,24,20.5571
115100,QD,2020,03,31,18.8714
115100,QD,2020,04,07,17.2857
115100,QD,2020,04,14,18.9857
115100,QD,2020,04,21,21.8429
115100,QD,2020,04,28,15.6614
115100,QD,2020,05,05,10.1314
115100,QD,2020,05,12,11.7143
115100,QD,2020,05,19,11.2571
115100,QD,2020,05,26,10.8814
115100,QD,2020,06,02,15.7429
115100,QD,2020,06,09,39.4143
115100,QD,2020,06,16,69.4571
115100,QD,2020,06,23,64.5429
115100,QD,2020,06,30,51.5857
115100,QD,2020,07,07,32.9286
115100,QD,2020,07,14,45.5714
115100,QD,2020,07,21,39.9857
115100,QD,2020,07,28,29.0286
115100,QD,2020,08,04,52.3000
115100,QD,2020,08,11,27.5000
115100,QD,2020,08,18,28.7714
115100,QD,2020,08,25,21.4000
115100,QD,2020,09,01,22.9857
115100,QD,2020,09,08,18.7571
115100,QD,2020,09,15,17.6286
115100,QD,2020,09,22,29.6429
115100,QD,2020,09,29,26.7857
115100,QD,2020,10,06,17.0714
115100,QD,2020,10,13,25.1429
115100,QD,2020,10,20,19.6286
115100,QD,2020,10,27,22.2571
115100,QD,2020,11,03,34.8286
115100,QD,2020,11,10,22.0857
115100,QD,2020,11,17,17.4286
115100,QD,2020,11,24,19.0143
115100,QD,2020,12,01,25.2286
115100,QD,2020,12,08,26.6857
115100,QD,2020,12,15,24.9000
115100,QD,2020,12,22,21.7429
115100,QD,2020,12,29,30.2000
